xdate,yType,error_sum
20100104,Bondmink,0
20100105,Bondmink,0
20100106,Bondmink,0
20100107,Bondmink,0
20100108,Bondmink,0
20100111,Bondmink,0
20100112,Bondmink,0
20100113,Bondmink,0
20100114,Bondmink,0
20100115,Bondmink,0
20100118,Bondmink,0
20100119,Bondmink,0
20100120,Bondmink,0
20100121,Bondmink,0
20100122,Bondmink,2
20100125,Bondmink,55
20100126,Bondmink,4
20100127,Bondmink,2
20100128,Bondmink,1
20100129,Bondmink,1
20100201,Bondmink,0
20100202,Bondmink,0
20100203,Bondmink,1
20100204,Bondmink,1
20100205,Bondmink,1
20100208,Bondmink,0
20100209,Bondmink,0
20100210,Bondmink,0
20100211,Bondmink,1
20100212,Bondmink,1
20100222,Bondmink,2
20100223,Bondmink,0
20100224,Bondmink,1
20100225,Bondmink,1
20100226,Bondmink,2
20100301,Bondmink,0
20100302,Bondmink,0
20100303,Bondmink,0
20100304,Bondmink,4
20100305,Bondmink,3
20100308,Bondmink,2
20100309,Bondmink,2
20100310,Bondmink,0
20100311,Bondmink,2
20100312,Bondmink,4
20100315,Bondmink,2
20100316,Bondmink,0
20100317,Bondmink,3
20100318,Bondmink,2
20100319,Bondmink,2
20100322,Bondmink,0
20100323,Bondmink,0
20100324,Bondmink,0
20100325,Bondmink,4
20100326,Bondmink,1
20100329,Bondmink,1
20100330,Bondmink,0
20100331,Bondmink,0
20100401,Bondmink,0
20100402,Bondmink,0
20100406,Bondmink,0
20100407,Bondmink,0
20100408,Bondmink,2
20100409,Bondmink,1
20100412,Bondmink,2
20100413,Bondmink,3
20100414,Bondmink,57
20100415,Bondmink,2
20100416,Bondmink,3
20100419,Bondmink,6
20100420,Bondmink,2
20100421,Bondmink,1
20100422,Bondmink,2
20100423,Bondmink,5
20100426,Bondmink,3
20100427,Bondmink,2
20100428,Bondmink,0
20100429,Bondmink,0
20100430,Bondmink,2
20100504,Bondmink,1
20100505,Bondmink,3
20100506,Bondmink,4
20100507,Bondmink,0
20100510,Bondmink,0
20100511,Bondmink,2
20100512,Bondmink,1
20100513,Bondmink,1
20100514,Bondmink,0
20100517,Bondmink,2
20100518,Bondmink,0
20100519,Bondmink,0
20100520,Bondmink,0
20100521,Bondmink,0
20100524,Bondmink,0
20100525,Bondmink,2
20100526,Bondmink,1
20100527,Bondmink,2
20100528,Bondmink,0
20100531,Bondmink,2
20100601,Bondmink,0
20100602,Bondmink,0
20100603,Bondmink,0
20100604,Bondmink,0
20100607,Bondmink,0
20100608,Bondmink,0
20100609,Bondmink,1
20100610,Bondmink,2
20100611,Bondmink,3
20100617,Bondmink,4
20100618,Bondmink,0
20100621,Bondmink,0
20100622,Bondmink,0
20100623,Bondmink,0
20100624,Bondmink,0
20100625,Bondmink,0
20100628,Bondmink,0
20100629,Bondmink,2
20100630,Bondmink,0
20100701,Bondmink,0
20100702,Bondmink,4
20100705,Bondmink,0
20100706,Bondmink,0
20100707,Bondmink,0
20100708,Bondmink,0
20100709,Bondmink,0
20100712,Bondmink,1
20100713,Bondmink,1
20100714,Bondmink,1
20100715,Bondmink,1
20100716,Bondmink,8
20100719,Bondmink,1
20100720,Bondmink,0
20100721,Bondmink,0
20100722,Bondmink,0
20100723,Bondmink,0
20100726,Bondmink,0
20100727,Bondmink,0
20100728,Bondmink,1
20100729,Bondmink,0
20100730,Bondmink,0
20100802,Bondmink,0
20100803,Bondmink,0
20100804,Bondmink,0
20100805,Bondmink,0
20100806,Bondmink,0
20100809,Bondmink,1
20100810,Bondmink,2
20100811,Bondmink,0
20100812,Bondmink,0
20100813,Bondmink,1
20100816,Bondmink,0
20100817,Bondmink,0
20100818,Bondmink,1
20100819,Bondmink,1
20100820,Bondmink,0
20100823,Bondmink,0
20100824,Bondmink,0
20100825,Bondmink,0
20100826,Bondmink,0
20100827,Bondmink,0
20100830,Bondmink,0
20100831,Bondmink,0
20100901,Bondmink,1
20100902,Bondmink,1
20100903,Bondmink,2
20100906,Bondmink,0
20100907,Bondmink,0
20100908,Bondmink,0
20100909,Bondmink,0
20100910,Bondmink,2
20100913,Bondmink,1
20100914,Bondmink,3
20100915,Bondmink,2
20100916,Bondmink,2
20100917,Bondmink,0
20100920,Bondmink,0
20100921,Bondmink,0
20100927,Bondmink,1
20100928,Bondmink,1
20100929,Bondmink,1
20100930,Bondmink,1
20101008,Bondmink,1
20101011,Bondmink,2
20101012,Bondmink,2
20101013,Bondmink,2
20101014,Bondmink,4
20101015,Bondmink,0
20101018,Bondmink,0
20101019,Bondmink,0
20101020,Bondmink,1
20101021,Bondmink,2
20101022,Bondmink,426
20101025,Bondmink,0
20101026,Bondmink,1
20101027,Bondmink,0
20101028,Bondmink,0
20101029,Bondmink,0
20101101,Bondmink,0
20101102,Bondmink,0
20101103,Bondmink,0
20101104,Bondmink,0
20101105,Bondmink,2
20101108,Bondmink,2
20101109,Bondmink,2
20101110,Bondmink,0
20101111,Bondmink,1
20101112,Bondmink,6
20101115,Bondmink,4
20101116,Bondmink,4
20101117,Bondmink,0
20101118,Bondmink,0
20101119,Bondmink,0
20101122,Bondmink,3
20101123,Bondmink,3
20101124,Bondmink,3
20101125,Bondmink,3
20101126,Bondmink,3
20101129,Bondmink,3
20101130,Bondmink,3
20101201,Bondmink,3
20101202,Bondmink,3
20101203,Bondmink,3
20101206,Bondmink,3
20101207,Bondmink,3
20101208,Bondmink,3
20101209,Bondmink,3
20101210,Bondmink,3
20101213,Bondmink,0
20101214,Bondmink,0
20101215,Bondmink,0
20101216,Bondmink,3
20101217,Bondmink,4
20101220,Bondmink,3
20101221,Bondmink,3
20101222,Bondmink,3
20101223,Bondmink,3
20101224,Bondmink,1
20101227,Bondmink,1
20101228,Bondmink,5
20101229,Bondmink,4
20101230,Bondmink,3
20101231,Bondmink,1
20100104,Fundmink,0
20100105,Fundmink,0
20100106,Fundmink,0
20100107,Fundmink,0
20100108,Fundmink,0
20100111,Fundmink,0
20100112,Fundmink,0
20100113,Fundmink,0
20100114,Fundmink,0
20100115,Fundmink,0
20100118,Fundmink,0
20100119,Fundmink,0
20100120,Fundmink,0
20100121,Fundmink,0
20100122,Fundmink,0
20100125,Fundmink,0
20100126,Fundmink,0
20100127,Fundmink,0
20100128,Fundmink,0
20100129,Fundmink,0
20100201,Fundmink,0
20100202,Fundmink,0
20100203,Fundmink,0
20100204,Fundmink,0
20100205,Fundmink,0
20100208,Fundmink,0
20100209,Fundmink,0
20100210,Fundmink,0
20100211,Fundmink,0
20100212,Fundmink,0
20100222,Fundmink,0
20100223,Fundmink,0
20100224,Fundmink,0
20100225,Fundmink,0
20100226,Fundmink,0
20100301,Fundmink,0
20100302,Fundmink,0
20100303,Fundmink,0
20100304,Fundmink,0
20100305,Fundmink,0
20100308,Fundmink,0
20100309,Fundmink,0
20100310,Fundmink,0
20100311,Fundmink,0
20100312,Fundmink,0
20100315,Fundmink,0
20100316,Fundmink,0
20100317,Fundmink,0
20100318,Fundmink,0
20100319,Fundmink,0
20100322,Fundmink,0
20100323,Fundmink,0
20100324,Fundmink,0
20100325,Fundmink,0
20100326,Fundmink,0
20100329,Fundmink,0
20100330,Fundmink,0
20100331,Fundmink,0
20100401,Fundmink,0
20100402,Fundmink,0
20100406,Fundmink,0
20100407,Fundmink,0
20100408,Fundmink,0
20100409,Fundmink,0
20100412,Fundmink,0
20100413,Fundmink,0
20100414,Fundmink,0
20100415,Fundmink,0
20100416,Fundmink,0
20100419,Fundmink,0
20100420,Fundmink,0
20100421,Fundmink,0
20100422,Fundmink,0
20100423,Fundmink,0
20100426,Fundmink,0
20100427,Fundmink,0
20100428,Fundmink,0
20100429,Fundmink,0
20100430,Fundmink,0
20100504,Fundmink,0
20100505,Fundmink,0
20100506,Fundmink,0
20100507,Fundmink,0
20100510,Fundmink,0
20100511,Fundmink,0
20100512,Fundmink,0
20100513,Fundmink,0
20100514,Fundmink,0
20100517,Fundmink,0
20100518,Fundmink,0
20100519,Fundmink,0
20100520,Fundmink,0
20100521,Fundmink,0
20100524,Fundmink,0
20100525,Fundmink,0
20100526,Fundmink,0
20100527,Fundmink,0
20100528,Fundmink,0
20100531,Fundmink,0
20100601,Fundmink,0
20100602,Fundmink,0
20100603,Fundmink,0
20100604,Fundmink,0
20100607,Fundmink,0
20100608,Fundmink,0
20100609,Fundmink,0
20100610,Fundmink,0
20100611,Fundmink,0
20100617,Fundmink,0
20100618,Fundmink,0
20100621,Fundmink,0
20100622,Fundmink,0
20100623,Fundmink,0
20100624,Fundmink,0
20100625,Fundmink,0
20100628,Fundmink,0
20100629,Fundmink,0
20100630,Fundmink,0
20100701,Fundmink,0
20100702,Fundmink,0
20100705,Fundmink,0
20100706,Fundmink,0
20100707,Fundmink,0
20100708,Fundmink,0
20100709,Fundmink,0
20100712,Fundmink,0
20100713,Fundmink,0
20100714,Fundmink,0
20100715,Fundmink,0
20100716,Fundmink,0
20100719,Fundmink,0
20100720,Fundmink,0
20100721,Fundmink,0
20100722,Fundmink,0
20100723,Fundmink,0
20100726,Fundmink,0
20100727,Fundmink,0
20100728,Fundmink,0
20100729,Fundmink,0
20100730,Fundmink,0
20100802,Fundmink,0
20100803,Fundmink,0
20100804,Fundmink,0
20100805,Fundmink,0
20100806,Fundmink,0
20100809,Fundmink,0
20100810,Fundmink,0
20100811,Fundmink,0
20100812,Fundmink,0
20100813,Fundmink,0
20100816,Fundmink,0
20100817,Fundmink,0
20100818,Fundmink,0
20100819,Fundmink,0
20100820,Fundmink,0
20100823,Fundmink,0
20100824,Fundmink,0
20100825,Fundmink,0
20100826,Fundmink,0
20100827,Fundmink,0
20100830,Fundmink,0
20100831,Fundmink,0
20100901,Fundmink,0
20100902,Fundmink,0
20100903,Fundmink,0
20100906,Fundmink,0
20100907,Fundmink,0
20100908,Fundmink,0
20100909,Fundmink,0
20100910,Fundmink,0
20100913,Fundmink,0
20100914,Fundmink,0
20100915,Fundmink,0
20100916,Fundmink,0
20100917,Fundmink,0
20100920,Fundmink,0
20100921,Fundmink,0
20100927,Fundmink,0
20100928,Fundmink,0
20100929,Fundmink,0
20100930,Fundmink,0
20101008,Fundmink,0
20101011,Fundmink,0
20101012,Fundmink,0
20101013,Fundmink,0
20101014,Fundmink,0
20101015,Fundmink,0
20101018,Fundmink,0
20101019,Fundmink,0
20101020,Fundmink,0
20101021,Fundmink,0
20101022,Fundmink,0
20101025,Fundmink,0
20101026,Fundmink,0
20101027,Fundmink,0
20101028,Fundmink,0
20101029,Fundmink,0
20101101,Fundmink,0
20101102,Fundmink,0
20101103,Fundmink,0
20101104,Fundmink,0
20101105,Fundmink,0
20101108,Fundmink,0
20101109,Fundmink,0
20101110,Fundmink,0
20101111,Fundmink,0
20101112,Fundmink,0
20101115,Fundmink,0
20101116,Fundmink,0
20101117,Fundmink,0
20101118,Fundmink,0
20101119,Fundmink,0
20101122,Fundmink,0
20101123,Fundmink,0
20101124,Fundmink,0
20101125,Fundmink,0
20101126,Fundmink,0
20101129,Fundmink,0
20101130,Fundmink,0
20101201,Fundmink,0
20101202,Fundmink,0
20101203,Fundmink,0
20101206,Fundmink,0
20101207,Fundmink,0
20101208,Fundmink,0
20101209,Fundmink,0
20101210,Fundmink,0
20101213,Fundmink,0
20101214,Fundmink,0
20101215,Fundmink,0
20101216,Fundmink,0
20101217,Fundmink,0
20101220,Fundmink,0
20101221,Fundmink,0
20101222,Fundmink,0
20101223,Fundmink,0
20101224,Fundmink,0
20101227,Fundmink,0
20101228,Fundmink,0
20101229,Fundmink,0
20101230,Fundmink,0
20101231,Fundmink,0
20100104,Indexmink,0
20100105,Indexmink,0
20100106,Indexmink,0
20100107,Indexmink,0
20100108,Indexmink,0
20100111,Indexmink,0
20100112,Indexmink,0
20100113,Indexmink,0
20100114,Indexmink,0
20100115,Indexmink,0
20100118,Indexmink,0
20100119,Indexmink,0
20100120,Indexmink,0
20100121,Indexmink,0
20100122,Indexmink,0
20100125,Indexmink,0
20100126,Indexmink,0
20100127,Indexmink,0
20100128,Indexmink,0
20100129,Indexmink,0
20100201,Indexmink,0
20100202,Indexmink,0
20100203,Indexmink,0
20100204,Indexmink,0
20100205,Indexmink,0
20100208,Indexmink,0
20100209,Indexmink,0
20100210,Indexmink,0
20100211,Indexmink,0
20100212,Indexmink,0
20100222,Indexmink,0
20100223,Indexmink,0
20100224,Indexmink,0
20100225,Indexmink,0
20100226,Indexmink,0
20100301,Indexmink,0
20100302,Indexmink,0
20100303,Indexmink,0
20100304,Indexmink,0
20100305,Indexmink,0
20100308,Indexmink,0
20100309,Indexmink,0
20100310,Indexmink,0
20100311,Indexmink,0
20100312,Indexmink,0
20100315,Indexmink,0
20100316,Indexmink,0
20100317,Indexmink,0
20100318,Indexmink,0
20100319,Indexmink,0
20100322,Indexmink,0
20100323,Indexmink,0
20100324,Indexmink,0
20100325,Indexmink,0
20100326,Indexmink,0
20100329,Indexmink,0
20100330,Indexmink,0
20100331,Indexmink,0
20100401,Indexmink,0
20100402,Indexmink,0
20100406,Indexmink,0
20100407,Indexmink,0
20100408,Indexmink,0
20100409,Indexmink,0
20100412,Indexmink,0
20100413,Indexmink,0
20100414,Indexmink,0
20100415,Indexmink,0
20100416,Indexmink,0
20100419,Indexmink,0
20100420,Indexmink,0
20100421,Indexmink,0
20100422,Indexmink,0
20100423,Indexmink,0
20100426,Indexmink,0
20100427,Indexmink,0
20100428,Indexmink,0
20100429,Indexmink,0
20100430,Indexmink,0
20100504,Indexmink,0
20100505,Indexmink,0
20100506,Indexmink,0
20100507,Indexmink,0
20100510,Indexmink,0
20100511,Indexmink,0
20100512,Indexmink,0
20100513,Indexmink,0
20100514,Indexmink,0
20100517,Indexmink,0
20100518,Indexmink,0
20100519,Indexmink,0
20100520,Indexmink,0
20100521,Indexmink,0
20100524,Indexmink,0
20100525,Indexmink,0
20100526,Indexmink,0
20100527,Indexmink,0
20100528,Indexmink,0
20100531,Indexmink,0
20100601,Indexmink,0
20100602,Indexmink,0
20100603,Indexmink,0
20100604,Indexmink,0
20100607,Indexmink,0
20100608,Indexmink,0
20100609,Indexmink,0
20100610,Indexmink,0
20100611,Indexmink,0
20100617,Indexmink,0
20100618,Indexmink,0
20100621,Indexmink,0
20100622,Indexmink,0
20100623,Indexmink,0
20100624,Indexmink,0
20100625,Indexmink,0
20100628,Indexmink,0
20100629,Indexmink,0
20100630,Indexmink,0
20100701,Indexmink,0
20100702,Indexmink,0
20100705,Indexmink,0
20100706,Indexmink,0
20100707,Indexmink,0
20100708,Indexmink,0
20100709,Indexmink,0
20100712,Indexmink,0
20100713,Indexmink,0
20100714,Indexmink,0
20100715,Indexmink,0
20100716,Indexmink,0
20100719,Indexmink,0
20100720,Indexmink,0
20100721,Indexmink,0
20100722,Indexmink,0
20100723,Indexmink,0
20100726,Indexmink,0
20100727,Indexmink,0
20100728,Indexmink,0
20100729,Indexmink,0
20100730,Indexmink,0
20100802,Indexmink,0
20100803,Indexmink,0
20100804,Indexmink,0
20100805,Indexmink,0
20100806,Indexmink,0
20100809,Indexmink,0
20100810,Indexmink,0
20100811,Indexmink,0
20100812,Indexmink,0
20100813,Indexmink,0
20100816,Indexmink,0
20100817,Indexmink,0
20100818,Indexmink,0
20100819,Indexmink,0
20100820,Indexmink,0
20100823,Indexmink,0
20100824,Indexmink,0
20100825,Indexmink,0
20100826,Indexmink,0
20100827,Indexmink,0
20100830,Indexmink,0
20100831,Indexmink,0
20100901,Indexmink,0
20100902,Indexmink,0
20100903,Indexmink,0
20100906,Indexmink,0
20100907,Indexmink,0
20100908,Indexmink,0
20100909,Indexmink,0
20100910,Indexmink,0
20100913,Indexmink,0
20100914,Indexmink,0
20100915,Indexmink,0
20100916,Indexmink,0
20100917,Indexmink,0
20100920,Indexmink,0
20100921,Indexmink,0
20100927,Indexmink,0
20100928,Indexmink,0
20100929,Indexmink,0
20100930,Indexmink,0
20101008,Indexmink,0
20101011,Indexmink,0
20101012,Indexmink,0
20101013,Indexmink,0
20101014,Indexmink,0
20101015,Indexmink,0
20101018,Indexmink,0
20101019,Indexmink,0
20101020,Indexmink,0
20101021,Indexmink,0
20101022,Indexmink,0
20101025,Indexmink,0
20101026,Indexmink,0
20101027,Indexmink,0
20101028,Indexmink,0
20101029,Indexmink,0
20101101,Indexmink,0
20101102,Indexmink,0
20101103,Indexmink,0
20101104,Indexmink,0
20101105,Indexmink,0
20101108,Indexmink,0
20101109,Indexmink,0
20101110,Indexmink,0
20101111,Indexmink,0
20101112,Indexmink,0
20101115,Indexmink,0
20101116,Indexmink,0
20101117,Indexmink,0
20101118,Indexmink,0
20101119,Indexmink,0
20101122,Indexmink,0
20101123,Indexmink,0
20101124,Indexmink,0
20101125,Indexmink,0
20101126,Indexmink,0
20101129,Indexmink,0
20101130,Indexmink,0
20101201,Indexmink,0
20101202,Indexmink,0
20101203,Indexmink,0
20101206,Indexmink,0
20101207,Indexmink,0
20101208,Indexmink,0
20101209,Indexmink,0
20101210,Indexmink,0
20101213,Indexmink,0
20101214,Indexmink,0
20101215,Indexmink,0
20101216,Indexmink,0
20101217,Indexmink,0
20101220,Indexmink,0
20101221,Indexmink,0
20101222,Indexmink,0
20101223,Indexmink,0
20101224,Indexmink,0
20101227,Indexmink,0
20101228,Indexmink,0
20101229,Indexmink,0
20101230,Indexmink,0
20101231,Indexmink,0
20100104,StockAmink,0
20100105,StockAmink,0
20100106,StockAmink,0
20100107,StockAmink,0
20100108,StockAmink,0
20100111,StockAmink,0
20100112,StockAmink,0
20100113,StockAmink,0
20100114,StockAmink,0
20100115,StockAmink,0
20100118,StockAmink,0
20100119,StockAmink,0
20100120,StockAmink,0
20100121,StockAmink,0
20100122,StockAmink,0
20100125,StockAmink,0
20100126,StockAmink,0
20100127,StockAmink,0
20100128,StockAmink,0
20100129,StockAmink,0
20100201,StockAmink,0
20100202,StockAmink,0
20100203,StockAmink,0
20100204,StockAmink,0
20100205,StockAmink,0
20100208,StockAmink,0
20100209,StockAmink,0
20100210,StockAmink,0
20100211,StockAmink,0
20100212,StockAmink,0
20100222,StockAmink,0
20100223,StockAmink,0
20100224,StockAmink,0
20100225,StockAmink,0
20100226,StockAmink,0
20100301,StockAmink,0
20100302,StockAmink,0
20100303,StockAmink,0
20100304,StockAmink,0
20100305,StockAmink,0
20100308,StockAmink,0
20100309,StockAmink,0
20100310,StockAmink,0
20100311,StockAmink,0
20100312,StockAmink,0
20100315,StockAmink,0
20100316,StockAmink,0
20100317,StockAmink,0
20100318,StockAmink,0
20100319,StockAmink,0
20100322,StockAmink,0
20100323,StockAmink,0
20100324,StockAmink,0
20100325,StockAmink,0
20100326,StockAmink,0
20100329,StockAmink,0
20100330,StockAmink,0
20100331,StockAmink,0
20100401,StockAmink,0
20100402,StockAmink,0
20100406,StockAmink,0
20100407,StockAmink,0
20100408,StockAmink,0
20100409,StockAmink,0
20100412,StockAmink,0
20100413,StockAmink,0
20100414,StockAmink,573
20100415,StockAmink,0
20100416,StockAmink,0
20100419,StockAmink,0
20100420,StockAmink,0
20100421,StockAmink,0
20100422,StockAmink,0
20100423,StockAmink,0
20100426,StockAmink,0
20100427,StockAmink,0
20100428,StockAmink,0
20100429,StockAmink,0
20100430,StockAmink,0
20100504,StockAmink,0
20100505,StockAmink,0
20100506,StockAmink,0
20100507,StockAmink,0
20100510,StockAmink,0
20100511,StockAmink,0
20100512,StockAmink,0
20100513,StockAmink,0
20100514,StockAmink,0
20100517,StockAmink,0
20100518,StockAmink,0
20100519,StockAmink,0
20100520,StockAmink,0
20100521,StockAmink,0
20100524,StockAmink,0
20100525,StockAmink,0
20100526,StockAmink,0
20100527,StockAmink,0
20100528,StockAmink,0
20100531,StockAmink,0
20100601,StockAmink,0
20100602,StockAmink,0
20100603,StockAmink,0
20100604,StockAmink,0
20100607,StockAmink,0
20100608,StockAmink,0
20100609,StockAmink,0
20100610,StockAmink,0
20100611,StockAmink,0
20100617,StockAmink,0
20100618,StockAmink,0
20100621,StockAmink,0
20100622,StockAmink,0
20100623,StockAmink,0
20100624,StockAmink,0
20100625,StockAmink,0
20100628,StockAmink,0
20100629,StockAmink,0
20100630,StockAmink,0
20100701,StockAmink,0
20100702,StockAmink,0
20100705,StockAmink,0
20100706,StockAmink,0
20100707,StockAmink,0
20100708,StockAmink,0
20100709,StockAmink,0
20100712,StockAmink,0
20100713,StockAmink,0
20100714,StockAmink,0
20100715,StockAmink,0
20100716,StockAmink,0
20100719,StockAmink,0
20100720,StockAmink,0
20100721,StockAmink,0
20100722,StockAmink,0
20100723,StockAmink,0
20100726,StockAmink,0
20100727,StockAmink,0
20100728,StockAmink,0
20100729,StockAmink,0
20100730,StockAmink,0
20100802,StockAmink,0
20100803,StockAmink,0
20100804,StockAmink,0
20100805,StockAmink,0
20100806,StockAmink,0
20100809,StockAmink,0
20100810,StockAmink,0
20100811,StockAmink,0
20100812,StockAmink,0
20100813,StockAmink,0
20100816,StockAmink,0
20100817,StockAmink,0
20100818,StockAmink,0
20100819,StockAmink,0
20100820,StockAmink,0
20100823,StockAmink,0
20100824,StockAmink,0
20100825,StockAmink,0
20100826,StockAmink,0
20100827,StockAmink,0
20100830,StockAmink,0
20100831,StockAmink,0
20100901,StockAmink,0
20100902,StockAmink,0
20100903,StockAmink,0
20100906,StockAmink,0
20100907,StockAmink,0
20100908,StockAmink,0
20100909,StockAmink,0
20100910,StockAmink,0
20100913,StockAmink,0
20100914,StockAmink,0
20100915,StockAmink,0
20100916,StockAmink,0
20100917,StockAmink,0
20100920,StockAmink,0
20100921,StockAmink,0
20100927,StockAmink,0
20100928,StockAmink,0
20100929,StockAmink,0
20100930,StockAmink,0
20101008,StockAmink,0
20101011,StockAmink,0
20101012,StockAmink,0
20101013,StockAmink,0
20101014,StockAmink,0
20101015,StockAmink,0
20101018,StockAmink,0
20101019,StockAmink,0
20101020,StockAmink,0
20101021,StockAmink,0
20101022,StockAmink,711
20101025,StockAmink,0
20101026,StockAmink,0
20101027,StockAmink,0
20101028,StockAmink,0
20101029,StockAmink,0
20101101,StockAmink,0
20101102,StockAmink,0
20101103,StockAmink,0
20101104,StockAmink,0
20101105,StockAmink,0
20101108,StockAmink,0
20101109,StockAmink,0
20101110,StockAmink,0
20101111,StockAmink,0
20101112,StockAmink,0
20101115,StockAmink,0
20101116,StockAmink,0
20101117,StockAmink,0
20101118,StockAmink,0
20101119,StockAmink,0
20101122,StockAmink,0
20101123,StockAmink,0
20101124,StockAmink,0
20101125,StockAmink,0
20101126,StockAmink,0
20101129,StockAmink,0
20101130,StockAmink,0
20101201,StockAmink,0
20101202,StockAmink,0
20101203,StockAmink,0
20101206,StockAmink,0
20101207,StockAmink,0
20101208,StockAmink,0
20101209,StockAmink,0
20101210,StockAmink,0
20101213,StockAmink,0
20101214,StockAmink,0
20101215,StockAmink,0
20101216,StockAmink,0
20101217,StockAmink,0
20101220,StockAmink,0
20101221,StockAmink,0
20101222,StockAmink,0
20101223,StockAmink,0
20101224,StockAmink,0
20101227,StockAmink,0
20101228,StockAmink,0
20101229,StockAmink,0
20101230,StockAmink,0
20101231,StockAmink,0
20100104,StockBmink,0
20100105,StockBmink,0
20100106,StockBmink,0
20100107,StockBmink,0
20100108,StockBmink,0
20100111,StockBmink,0
20100112,StockBmink,0
20100113,StockBmink,0
20100114,StockBmink,0
20100115,StockBmink,0
20100118,StockBmink,0
20100119,StockBmink,0
20100120,StockBmink,0
20100121,StockBmink,0
20100122,StockBmink,0
20100125,StockBmink,0
20100126,StockBmink,0
20100127,StockBmink,0
20100128,StockBmink,0
20100129,StockBmink,0
20100201,StockBmink,0
20100202,StockBmink,0
20100203,StockBmink,0
20100204,StockBmink,0
20100205,StockBmink,0
20100208,StockBmink,0
20100209,StockBmink,0
20100210,StockBmink,0
20100211,StockBmink,0
20100212,StockBmink,0
20100222,StockBmink,0
20100223,StockBmink,0
20100224,StockBmink,0
20100225,StockBmink,0
20100226,StockBmink,0
20100301,StockBmink,0
20100302,StockBmink,0
20100303,StockBmink,0
20100304,StockBmink,0
20100305,StockBmink,0
20100308,StockBmink,0
20100309,StockBmink,0
20100310,StockBmink,0
20100311,StockBmink,0
20100312,StockBmink,0
20100315,StockBmink,0
20100316,StockBmink,0
20100317,StockBmink,0
20100318,StockBmink,0
20100319,StockBmink,0
20100322,StockBmink,0
20100323,StockBmink,0
20100324,StockBmink,0
20100325,StockBmink,0
20100326,StockBmink,0
20100329,StockBmink,0
20100330,StockBmink,0
20100331,StockBmink,0
20100401,StockBmink,0
20100402,StockBmink,0
20100406,StockBmink,0
20100407,StockBmink,0
20100408,StockBmink,0
20100409,StockBmink,0
20100412,StockBmink,0
20100413,StockBmink,0
20100414,StockBmink,19
20100415,StockBmink,0
20100416,StockBmink,0
20100419,StockBmink,0
20100420,StockBmink,0
20100421,StockBmink,0
20100422,StockBmink,0
20100423,StockBmink,0
20100426,StockBmink,0
20100427,StockBmink,0
20100428,StockBmink,0
20100429,StockBmink,0
20100430,StockBmink,0
20100504,StockBmink,0
20100505,StockBmink,0
20100506,StockBmink,0
20100507,StockBmink,0
20100510,StockBmink,0
20100511,StockBmink,0
20100512,StockBmink,0
20100513,StockBmink,0
20100514,StockBmink,0
20100517,StockBmink,0
20100518,StockBmink,0
20100519,StockBmink,0
20100520,StockBmink,0
20100521,StockBmink,0
20100524,StockBmink,0
20100525,StockBmink,0
20100526,StockBmink,0
20100527,StockBmink,0
20100528,StockBmink,0
20100531,StockBmink,0
20100601,StockBmink,0
20100602,StockBmink,0
20100603,StockBmink,0
20100604,StockBmink,0
20100607,StockBmink,0
20100608,StockBmink,0
20100609,StockBmink,0
20100610,StockBmink,0
20100611,StockBmink,0
20100617,StockBmink,0
20100618,StockBmink,0
20100621,StockBmink,0
20100622,StockBmink,0
20100623,StockBmink,0
20100624,StockBmink,0
20100625,StockBmink,0
20100628,StockBmink,0
20100629,StockBmink,0
20100630,StockBmink,0
20100701,StockBmink,0
20100702,StockBmink,0
20100705,StockBmink,0
20100706,StockBmink,0
20100707,StockBmink,0
20100708,StockBmink,0
20100709,StockBmink,0
20100712,StockBmink,0
20100713,StockBmink,0
20100714,StockBmink,0
20100715,StockBmink,0
20100716,StockBmink,0
20100719,StockBmink,0
20100720,StockBmink,0
20100721,StockBmink,0
20100722,StockBmink,0
20100723,StockBmink,0
20100726,StockBmink,0
20100727,StockBmink,0
20100728,StockBmink,0
20100729,StockBmink,0
20100730,StockBmink,0
20100802,StockBmink,0
20100803,StockBmink,0
20100804,StockBmink,0
20100805,StockBmink,0
20100806,StockBmink,0
20100809,StockBmink,0
20100810,StockBmink,0
20100811,StockBmink,0
20100812,StockBmink,0
20100813,StockBmink,0
20100816,StockBmink,0
20100817,StockBmink,0
20100818,StockBmink,0
20100819,StockBmink,0
20100820,StockBmink,0
20100823,StockBmink,0
20100824,StockBmink,0
20100825,StockBmink,0
20100826,StockBmink,0
20100827,StockBmink,0
20100830,StockBmink,0
20100831,StockBmink,0
20100901,StockBmink,0
20100902,StockBmink,0
20100903,StockBmink,0
20100906,StockBmink,0
20100907,StockBmink,0
20100908,StockBmink,0
20100909,StockBmink,0
20100910,StockBmink,0
20100913,StockBmink,0
20100914,StockBmink,0
20100915,StockBmink,0
20100916,StockBmink,0
20100917,StockBmink,0
20100920,StockBmink,0
20100921,StockBmink,0
20100927,StockBmink,0
20100928,StockBmink,0
20100929,StockBmink,0
20100930,StockBmink,0
20101008,StockBmink,0
20101011,StockBmink,0
20101012,StockBmink,0
20101013,StockBmink,0
20101014,StockBmink,0
20101015,StockBmink,0
20101018,StockBmink,0
20101019,StockBmink,0
20101020,StockBmink,0
20101021,StockBmink,0
20101022,StockBmink,28
20101025,StockBmink,0
20101026,StockBmink,0
20101027,StockBmink,0
20101028,StockBmink,0
20101029,StockBmink,0
20101101,StockBmink,0
20101102,StockBmink,0
20101103,StockBmink,0
20101104,StockBmink,0
20101105,StockBmink,0
20101108,StockBmink,0
20101109,StockBmink,0
20101110,StockBmink,0
20101111,StockBmink,0
20101112,StockBmink,0
20101115,StockBmink,0
20101116,StockBmink,0
20101117,StockBmink,0
20101118,StockBmink,0
20101119,StockBmink,0
20101122,StockBmink,0
20101123,StockBmink,0
20101124,StockBmink,0
20101125,StockBmink,0
20101126,StockBmink,0
20101129,StockBmink,0
20101130,StockBmink,0
20101201,StockBmink,0
20101202,StockBmink,0
20101203,StockBmink,0
20101206,StockBmink,0
20101207,StockBmink,0
20101208,StockBmink,0
20101209,StockBmink,0
20101210,StockBmink,0
20101213,StockBmink,0
20101214,StockBmink,0
20101215,StockBmink,0
20101216,StockBmink,0
20101217,StockBmink,0
20101220,StockBmink,0
20101221,StockBmink,0
20101222,StockBmink,0
20101223,StockBmink,0
20101224,StockBmink,0
20101227,StockBmink,0
20101228,StockBmink,0
20101229,StockBmink,0
20101230,StockBmink,0
20101231,StockBmink,0
